timestamp_utc,count,outcome
2026-01-31T19:09:48+00:00,1,Use Radical Self Reliance
2026-01-31T19:13:19+00:00,1,Try again after you’ve eaten something real.
2026-02-02T18:49:12+00:00,1,Ask the person with the radio.
2026-02-02T19:03:37+00:00,1,The Playa provides… later.
2026-02-02T19:06:38+00:00,1,Try again after you’ve eaten something real.
2026-02-02T19:13:14+00:00,1,Most likely
2026-02-02T19:13:29+00:00,1,"The universe says yes, your feet say no."
2026-02-02T19:15:37+00:00,1,Try again after you’ve eaten something real.
2026-02-02T19:19:49+00:00,1,"If it sparkles, it’s probably fine.",MAGIC 7-BALL
2026-02-02T19:21:11+00:00,1,Not today. The sun is judging you.,MAGIC 7-BALL
2026-02-02T19:21:29+00:00,2,Too many variables. Add more LEDs.,MAGIC 7-BALL
2026-02-02T19:31:52+00:00,1,Yes,MAGIC 7-BALL
2026-02-02T19:32:29+00:00,2,"Do it, but label your cables first.",ASK THE VOID
2026-02-02T19:35:43+00:00,1,Probability favors the bold (and the sunscreened).,MAGIC 7-BALL
2026-02-02T19:35:58+00:00,2,"Do it, but label your cables first.",MAGIC 7-BALL
2026-02-02T19:42:24+00:00,1,It’s a yes if you bring snacks.,ASK THE VOID
2026-02-02T19:42:36+00:00,2,Maybe. Consult the nearest art car.,ASK THE VOID
2026-02-02T19:42:42+00:00,3,Not today. The sun is judging you.,ASK THE VOID
2026-02-02T19:45:51+00:00,1,Not today. The sun is judging you.,ASK THE VOID
2026-02-02T19:45:54+00:00,2,Yes. Also hydrate.,ASK THE VOID
2026-02-02T19:46:00+00:00,3,Your vibe is correct; your timing is cursed.,ASK THE VOID
2026-02-02T19:49:31+00:00,1,No,ASK THE VOID
2026-02-02T19:54:02+00:00,1,"No, because you didn’t test it at home.",ASK THE VOID
2026-02-02T19:54:08+00:00,2,"Yes, but pace yourself, sparkle wizard.",ASK THE VOID
2026-02-02T19:54:38+00:00,3,Do not. The porto line is already judging you.,CONSULT THE CUBE OF DESTINY
2026-02-02T19:54:48+00:00,4,Absolutely not. You’re missing one key thing.,CONSULT THE CUBE OF DESTINY
2026-02-03T16:29:50+00:00,5,The Temple says: be gentle.,ROLL FOR DESTINY
2026-02-03T16:31:32+00:00,6,Most likely,DIVINATION AS A SERVICE
2026-02-03T16:31:40+00:00,7,No. You’re ignoring friction.,DIVINATION AS A SERVICE
2026-02-03T16:52:29+00:00,8,No. Please stop.,PROBABILITY SAYS HELLO
2026-02-03T16:52:38+00:00,9,Denied. This breaks camp harmony.,PROBABILITY SAYS HELLO
2026-02-03T16:52:49+00:00,10,Absolutely yes. Drink water and proceed.,PROBABILITY SAYS HELLO
